"epoch","prompt","generated_moves","legality_status","legal_moves","total_moves","legal_rate_pct","stop_reason","final_fen","legal_rate"
"1","[start]","e1g1","❌ Illegal / Diverged","0","1","0","illegal_move","rnbqkbnr/pppppppp/8/8/8/8/PPPPPPPP/RNBQKBNR w KQkq - 0 1","null"
"1","e2e4","e2e4","❌ Illegal / Diverged","0","1","0","illegal_move","rnbqkbnr/pppppppp/8/8/4P3/8/PPPP1PPP/RNBQKBNR b KQkq - 0 1","null"
"1","d2d4","e2e4","❌ Illegal / Diverged","0","1","0","illegal_move","rnbqkbnr/pppppppp/8/8/3P4/8/PPP1PPPP/RNBQKBNR b KQkq - 0 1","null"
"20","[start]","e2e4 d7d5 e4d5 d8d5 b1c3 d5d8 g1f3 e7e6 d2d4 g8f6 c1g5 f8e7 f1d3 e8g8 e1g1 b8d7 f1e1 b7b6 f3e5 c8b7","✅ 100% Legal","20","20","100","max_moves","r2q1rk1/pbpnbppp/1p2pn2/4N1B1/3P4/2NB4/PPP2PPP/R2QR1K1 w - - 2 11","null"
"20","e2e4","e7e5 g1f3 g8f6 f1c4 f6e4 e1g1 d7d5 c4b5 c7c6 b5d3 e4c5 f3e5 d8d6 e5c6 d6c6 f1e1 c8e6 d3e4 d5e4 e1e4","✅ 100% Legal","20","20","100","max_moves","rn2kb1r/pp3ppp/2q1b3/2n5/4R3/8/PPPP1PPP/RNBQ2K1 b kq - 0 11","null"
"20","d2d4","e7e6 e2e4 d7d5 e4e5 f7f6 e5f6 g8f6 c2c3 f8e7 g1f3 e8g8 f1d3 b8d7 e1g1 b7b6 c1g5 c8b7 b1d2 h7h6 g5f6","✅ 100% Legal","20","20","100","max_moves","r2q1rk1/pbpnb1p1/1p2pB1p/3p4/3P4/2PB1N2/PP1N1PPP/R2Q1RK1 b - - 0 11","null"
"20","[start]","d2d4 d7d5 c2c4 c7c6 b1c3 e7e6 g1f3 d5c4 c1g5 f8e7 h2h4 f7f6 g5d2 b7b5 a2a4 c8d7 a4b5 c6b5 c3b5 d8b6","✅ 100% Legal","20","20","100","max_moves","rn2k1nr/p2bb1pp/1q2pp2/1N6/2pP3P/5N2/1P1BPPP1/R2QKB1R w KQkq - 1 11","null"
"20","e2e4","e7e5 g1f3 d7d6 f1c4 c8g4 h2h3 g4h5 b1c3 c7c6 d2d3 b8d7 e1g1 g8f6 c1g5 f8e7 f3h4 h5g6 h4g6 h7g6 g5f6","✅ 100% Legal","20","20","100","max_moves","r2qk2r/pp1nbpp1/2pp1Bp1/4p3/2B1P3/2NP3P/PPP2PP1/R2Q1RK1 b kq - 0 11","null"
"20","d2d4","d7d5 c2c4 d5c4 e2e3 b7b5 a2a4 c7c6 a4b5 c6b5 d1f3 c8b7 f3b7 b8d7 b7a8 d8a8 b2b3 e7e6 c1a3 f8a3 b1a3","✅ 100% Legal","20","20","100","max_moves","q3k1nr/p2n1ppp/4p3/1p6/2pP4/NP2P3/5PPP/R3KBNR b KQk - 0 11","null"
"16","[start]","e2e4 e7e5 g1f3 b8c6 f1b5 a7a6 b5a4 g8f6 d2d3 h7h6 b1c3 b7b5 a4b3 a6a5 a2a3 a5a4 b3a2 c8b7 e1g1 f8c5","null","20","20","null","null","null","1"
"16","e2e4","c7c5 g1f3 d7d6 d2d4 c5d4 f3d4 g8f6 b1c3 a7a6 a2a4 e7e6 c1g5 f8e7 f2f4 e8g8 f1d3 b8d7 e1g1 d8c7 f4f5","null","20","20","null","null","null","1"
"16","d2d4","e7e6 e2e4 d7d6 g1f3 g8f6 b1c3 f8e7 e4e5 d6e5 d4e5 d8d1 c3d1 f6e4 f1d3 e4c5 e1g1 e8g8 f1e1 b7b6 d3e4","null","20","20","null","null","null","1"
"20","[start]","e2e4 e7e5 g1f3 d7d6 f1c4 h7h6 e1g1 b8c6 c2c3 g8f6 f1e1 f8e7 h2h3 e8g8 d2d4 e5d4 c3d4 a7a6 b1c3 c8e6","null","20","20","null","null","null","1"
"20","e2e4","e7e5 g1f3 b8c6 d2d4 e5d4 f3d4 c6d4 d1d4 g8f6 c1g5 f8e7 e4e5 f6h5 g5e7 d8e7 f1e2 e8g8 e1g1 d7d6 f2f4","null","20","20","null","null","null","1"
"20","d2d4","d7d5 c2c4 c7c6 b1c3 e7e6 a2a3 b8d7 g1f3 d7b6 c1g5 f8e7 g5f4 e7d6 f4d6 d8d6 c4d5 b6d5 e2e3 h7h6 f1d3","null","20","20","null","null","null","1"
"3","[start]","e2e4 b8c6 b1c3 b8c6","null","3","4","null","null","null","0.75"
"3","e2e4","e7e5 g1f3 b8c6 d2d3 d7d6 e2e4","null","5","6","null","null","null","0.8333333333333334"
"3","d2d4","e7e5 g1f3 b8c6 g1f3","null","3","4","null","null","null","0.75"
"1","[start]","e2e4 c7c5 g1f3 b8c6 f1b5 g8f6 d2d3 g7g6 e1g1 f8g7 b1d2 e8g8 c2c3 d7d6 h2h3 c8g4 h2h3","null","16","17","null","null","null","0.9411764705882353"
"1","e2e4","e7e5 g1f3 d7d6 d2d4 e5d4 f3d4 c7c6 b1c3 g8e7 f1d3 g7g6 e1g1 f8g7 c1e3 e8g8 a2a3 a7a6 b2b4 b7b5 a2a4","null","19","20","null","null","null","0.95"
"1","d2d4","d7d5 c2c4 d5c4 g1f3 c8g4 b1c3 e7e6 e2e4 g8f6 e4e5 f6d5 c3d5 e6d5 c4d5","null","13","14","null","null","null","0.9285714285714286"
"20","[start]","e2e4 e7e5 d2d4 e5d4 d1d4 b8c6 d4e3 d7d6 f1b5 c8d7 b5c6 d7c6 g1f3 g8f6 e4e5 d6e5 f3e5 f8d6 e5c6 b7c6","null","19","20","null","null","null","0.95"
"20","e2e4","d7d5 e4e5 c8f5 d2d4 b8c6 g1f3 e7e6 f1b5 a7a6 b5c6 b7c6 e1g1 c6c5 c1e3 c5c4 b2b3 c4b3 c2b3 f8a3 b1a3","null","20","20","null","null","null","1"
"20","d2d4","d7d5 e2e3 b8c6 f1b5 c8d7 b5c6 d7c6 g1e2 g8f6 f2f3 e7e6 a2a3 f8d6 b1c3 d8d7 c1d2 e8g8 f3f4 e6e5 f4e5","null","20","20","null","null","null","1"
"17","[start]","d2d4 e7e6 c2c4 g8f6 b1c3 f8b4 c1d2 b4c3 d2c3 f6e4 d1c2 f7f5 f2f3 e4f6 e2e3 e8g8 f1d3 c7c6 g1e2 d7d5","null","20","20","null","null","null","1"
"17","e2e4","c7c6 f1c4 d7d5 e4d5 c6d5 c4b5 c8d7 b5d7 d8d7 d2d4 g8f6 g1f3 b8c6 c2c3 e7e6 e1g1 f8d6 f1e1 e8g8 c1g5","null","20","20","null","null","null","1"
"17","d2d4","d7d5 c2c4 d5c4 g1f3 b8c6 e2e3 c8g4 f1c4 g4f3 d1f3 e7e6 b1c3 f8b4 e1g1 b4c3 b2c3 g8f6 c1a3 a7a6 e3e4","null","20","20","null","null","null","1"
"2","[start]","e2e4 c7c5 g1f3 b8c6 f1b5 d7d6 b5c6 b7c6 d2d4 c5d4 d1d4 g8f6 b1c3 e7e6 e4e5 d6e5 d4e5 f6d7 e1g1 d7e5","null","20","20","null","null","null","1"
"2","e2e4","c7c5 g1f3 b8c6 d2d4 c5d4 f3d4 d7d6 b1c3 g8f6 c1e3 a7a6 d1d2 b7b5 f1b5 c8d7 d4c6 d7c6 e1g1 e7e6 f1e1","null","20","20","null","null","null","1"
"2","d2d4","d7d5 c2c4 g8f6 b1c3 b8c6 e2e3 c8f5 g1f3 e7e6 f1d3 f5g6 e1g1 f8d6 e3e4 d5e4 c3e4 f6e4 d3e4 e8g8 c1g5","null","20","20","null","null","null","1"
"1","[start]","d5f4 d8f6 f4 b1d2 c1g5 h5 d8c a d7d5 b7b5 7 g7h6 c1h6 d8c c3 g8f6 d7d5 g5g6 b7 e6","null","0","20","null","null","null","0"
"1","e2e4","b3 d8f6 1 e8d8 c3 h7h6 e7e6 7a d8g5 g8f6 d8c7 7e b8c6 f3h4 d 7d5 d5 g5 a7a5","null","1","19","null","null","null","0.05263157894736842"
"1","d2d4","1f3 e5 3 2 c1h6 c4 2a h2h3 d c1h6 e8d8 e7e g7h6 a2a c7 d4 c1 d8c7 g8h6 h5","null","1","20","null","null","null","0.05"